891-WP,K,,,,,
Pin,Name,Type,Side,Unit,Style,Hidden
1,C1,passive,left,1,,
2,2,in,left,1,,
3,T1,passive,right,1,,
4,4,in,left,1,,
,,,,,,
AD56x1,U,,,,,
Pin,Name,Type,Side,Unit,Style,Hidden
1,SYNC,in,left,1,,
2,SCLK,in,left,1,,
3,SDIN,in,left,1,,
4,VDD,pwr,right,1,,
5,GND,pwr,right,1,,
6,VOUT,out,right,1,,
,,,,,,
ADM3485,U,,,,,
Pin,Name,Type,Side,Unit,Style,Hidden
1,RO,out,left,1,,
2,RE,in,left,1,inv,
3,DE,in,left,1,,
4,DI,in,left,1,,
5,GND,pwr,right,1,,
6,A,bidir,right,1,,
7,B,bidir,right,1,,
8,VCC,pwr,right,1,,
,,,,,,
APX80X-XXSAG,U,,,,,
Pin,Name,Type,Side,Unit,Style,Hidden
1,GND,pwr,bottom,1,,
2,RESET,out,right,1,,
3,VCC,pwr,top,1,,
,,,,,,
AT-XMEGA-XXA3-AU,U,,,,,
Pin,Name,Type,Side,Unit,Style,Hidden
1,AC3/ADC3/PA3,bidir,right,1,,
2,AC4/ADC4/PA4,bidir,right,1,,
3,AC5/ADC5/PA5,bidir,right,1,,
4,AC6/ADC6/PA6,bidir,right,1,,
5,AC7/ADC7/PA7,bidir,right,1,,
6,AREF/AC0/ADC0/ADC8/PB0,bidir,right,1,,
7,AC1/ADC1/ADC9/PB1,bidir,right,1,,
8,DAC0/AC2/ADC2/ADC10/PB2,bidir,right,1,,
9,DAC1/AC3/ADC3/ADC11/PB3,bidir,right,1,,
10,TMS/AC4/ADC4/ADC12/PB4,bidir,right,1,,
11,TDI/AC5/ADC5/ADC13/PB5,bidir,right,1,,
12,TCK/AC6/ADC6/ADC14/PB6,bidir,right,1,,
13,TDO/AC7/ADC7/ADC15/PB7,bidir,right,1,,
14,GND,pwr,left,1,,
15,VCC,pwr,left,1,,
16,SDA/OC0A/OC0ALS/PC0,bidir,right,1,,
17,SCL/XCK0/OC0B/OC0AHS/PC1,bidir,right,1,,
18,RXD0/OC0C/OC0BLS/PC2,bidir,right,1,,
19,TXD0/OC0D/OC0BHS/PC3,bidir,right,1,,
20,_SS/OC1A/OC0CLS/PC4,bidir,right,1,,
21,XCK1/MOSI/OC1B/OC0CHS/PC5,bidir,right,1,,
22,RXD1/MISO/OC0DLS/PC6,bidir,right,1,,
23,TXD1/SCK/OC0DHS/PC7,bidir,right,1,,
24,GND,pwr,left,1,,
25,VCC,pwr,left,1,,
26,OC0A/PD0,bidir,right,1,,
27,XCK0/OCB0/PD1,bidir,right,1,,
28,RXD0/OC0C/PD2,bidir,right,1,,
29,TXD0/OCD0/PD3,bidir,right,1,,
30,_SS/OC1A/PD4,bidir,right,1,,
31,XCk1/MOSI/OC1B/PD5,bidir,right,1,,
32,RXD1/MISO/PD6,bidir,right,1,,
33,TXD1/SCK/PD7,bidir,right,1,,
34,GND,pwr,left,1,,
35,VCC,pwr,left,1,,
36,SDA/OC0A/PE0,bidir,right,1,,
37,SCL/XCK0/OC0B/PE1,bidir,right,1,,
38,RXD0/OC0C/PE2,bidir,right,1,,
39,TXD0/OC0D/PE3,bidir,right,1,,
40,_SS/OC1A/PE4,bidir,right,1,,
41,XCK1/MOSI/OC1B/PE5,bidir,right,1,,
42,TOSC2/MISO/RXD1/PE6,bidir,right,1,,
43,TOSC1/SCK/TXD1/PE7,bidir,right,1,,
44,GND,pwr,left,1,,
45,VCC,pwr,left,1,,
46,PF0/OC0A,bidir,left,1,,
47,PF1/OC0B/XCK0,bidir,left,1,,
48,PF2/OC0C/RXD0,bidir,left,1,,
49,PF3/OC0D/TXD0,bidir,left,1,,
50,PF4,bidir,left,1,,
51,PF5,bidir,left,1,,
52,GND,pwr,left,1,,
53,VCC,pwr,left,1,,
54,PF6,bidir,left,1,,
55,PF7,bidir,left,1,,
56,PDI_DATA,bidir,left,1,,
57,PDI_CLK/RESET,bidir,left,1,,
58,PR0/XTAL2,bidir,left,1,,
59,PR1/XTAL1,bidir,left,1,,
60,GND,pwr,left,1,,
61,AVCC,pwr,left,1,,
62,AREF/AC0/ADC0/PA0,bidir,right,1,,
63,AC1/ADC1/PA1,bidir,right,1,,
64,AC2/ADC2/PA2,bidir,right,1,,
,,,,,,
AT-XMEGA-XXA4-AU,IC,,,,,
Pin,Name,Type,Side,Unit,Style,Hidden
1,PA5/ADC5,bidir,left,1,,
2,PA6/ADC6,bidir,left,1,,
3,PA7/ADC7/AC0-OUT,bidir,left,1,,
4,PB0/ADC8/AREF,bidir,left,1,,
5,PB1/ADC9,bidir,left,1,,
6,PB2/ADC10/DAC0,bidir,left,1,,
7,PB3/ADC11/DAC1,bidir,left,1,,
8,GND@1,pwr,right,1,,
9,VCC@1,pwr,right,1,,
10,PC0/OC0A/SDA,bidir,left,1,,
11,PC1/OC0B/XCK0/SCL,bidir,left,1,,
12,PC2/OC0C/RXD0,bidir,left,1,,
13,PC3/OC0D/TXD0,bidir,left,1,,
14,PC4/OC1A/#SS,bidir,left,1,,
15,PC5/OC1B/MOSI/XCK1,bidir,left,1,,
16,PC6/MISO/RXD1,bidir,left,1,,
17,PC7/SCK/TXD1/CLKO/EVO,bidir,left,1,,
18,GND@2,pwr,right,1,,
19,VCC@2,pwr,right,1,,
20,!OC0APD0,bidir,right,1,,
21,!!OC0BXCK0PD1,bidir,right,1,,
22,!!OC0CRXD0PD2,bidir,right,1,,
23,!!OC0DTXD0PD3,bidir,right,1,,
24,!#SSPD4,bidir,right,1,,
25,!!XCK1MOSIPD5,bidir,right,1,,
26,!!RXD1MISOPD6,bidir,right,1,,
27,!!!TXD1SCKCLKOPD7,bidir,right,1,,
28,!OC0ASDAPE0,bidir,right,1,,
29,!!XCK0OC0BSCLPE1,bidir,right,1,,
30,GND@3,pwr,right,1,,
31,VCC@3,pwr,right,1,,
32,!!RXD0OC0CPE2,bidir,right,1,,
33,!!TXD0OC0DPE3,bidir,right,1,,
34,PDI-DATA,bidir,left,1,,
35,RESET/PDI-CLK,in,left,1,,
36,PR0/XTAL2,bidir,left,1,,
37,PR1/XTAL1,bidir,left,1,,
38,GND@4,pwr,right,1,,
39,AVCC,pwr,right,1,,
40,PA0/ADC0/AREF,bidir,left,1,,
41,PA1/ADC1,bidir,left,1,,
42,PA2/ADC2,bidir,left,1,,
43,PA3/ADC3,bidir,left,1,,
44,PA4/ADC4,bidir,left,1,,
,,,,,,
AT32UC3A1,??,,,,,
Pin,Name,Type,Side,Unit,Style,Hidden
1,PB20,bidir,top,1,,
2,PB21,bidir,top,1,,
3,PB22,bidir,top,1,,
4,VDDIO0,pwr,bottom,1,,
5,GND0,pwr,bottom,1,,
6,PB23,bidir,top,1,,
7,PB24,bidir,top,1,,
8,PB25,bidir,top,1,,
9,PB26,bidir,top,1,,
10,PB27,bidir,top,1,,
11,VDDOUT,pwr,bottom,1,,
12,VDDIN,pwr,bottom,1,,
13,GND1,pwr,bottom,1,,
14,PB28,bidir,top,1,,
15,PB29,bidir,top,1,,
16,PB30,bidir,top,1,,
17,PB31,bidir,top,1,,
18,RESET_N,in,right,1,,
19,PA0,bidir,left,1,,
20,PA1,bidir,left,1,,
21,GND2,pwr,bottom,1,,
22,VDDCORE0,pwr,bottom,1,,
23,PA2,bidir,left,1,,
24,PA3,bidir,left,1,,
25,PA4,bidir,left,1,,
26,PA5,bidir,left,1,,
27,PA6,bidir,left,1,,
28,PA7,bidir,left,1,,
29,PA8,bidir,left,1,,
30,PA9,bidir,left,1,,
31,PA10,bidir,left,1,,
32,N/C,unspecified,right,1,,
33,PA11,bidir,left,1,,
34,VDDCORE1,pwr,bottom,1,,
35,GND3,pwr,bottom,1,,
36,PA12,bidir,left,1,,
37,PA13,bidir,left,1,,
38,VDDCORE2,pwr,bottom,1,,
39,PA14,bidir,left,1,,
40,PA15,bidir,left,1,,
41,PA16,bidir,left,1,,
42,PA17,bidir,left,1,,
43,PA18,bidir,left,1,,
44,PA19,bidir,left,1,,
45,PA20,bidir,left,1,,
46,VBUS,pwr,right,1,,
47,VDDIO1,pwr,bottom,1,,
48,DM,bidir,right,1,,
49,DP,bidir,right,1,,
50,GND4,pwr,bottom,1,,
51,PA21,bidir,left,1,,
52,PA22,bidir,left,1,,
53,PA23,bidir,left,1,,
54,PA24,bidir,left,1,,
55,PA25,bidir,left,1,,
56,PA26,bidir,left,1,,
57,PA27,bidir,left,1,,
58,PA28,bidir,left,1,,
59,VDDANA,pwr,right,1,,
60,ADVREF,pwr,right,1,,
61,GNDANA,pwr,right,1,,
62,VDDPLL,pwr,bottom,1,,
63,PC0,bidir,right,1,,
64,PC1,bidir,right,1,,
65,PB0,bidir,top,1,,
66,PB1,bidir,top,1,,
67,VBOOST,pwr,bottom,1,,
68,VDDIO2,pwr,bottom,1,,
69,GND5,pwr,bottom,1,,
70,PB2,bidir,top,1,,
71,PB3,bidir,top,1,,
72,PB4,bidir,top,1,,
73,PB5,bidir,top,1,,
74,PB6,bidir,top,1,,
75,PB7,bidir,top,1,,
76,PB8,bidir,top,1,,
77,PB9,bidir,top,1,,
78,PB10,bidir,top,1,,
79,VDDIO3,pwr,bottom,1,,
80,GND6,pwr,bottom,1,,
81,PB11,bidir,top,1,,
82,PB12,bidir,top,1,,
83,PA29,bidir,left,1,,
84,PA30,bidir,left,1,,
85,PC2,bidir,right,1,,
86,PC3,bidir,right,1,,
87,PB13,bidir,top,1,,
88,PB14,bidir,top,1,,
89,TMS,bidir,right,1,,
90,TCK,bidir,right,1,,
91,TDO,bidir,right,1,,
92,TDI,bidir,right,1,,
93,PC4,bidir,right,1,,
94,PC5,bidir,right,1,,
95,PB15,bidir,top,1,,
96,PB16,bidir,top,1,,
97,VDDCORE3,pwr,bottom,1,,
98,PB17,bidir,top,1,,
99,PB18,bidir,top,1,,
100,PB19,bidir,top,1,,
,,,,,,
AT90PWM3B_SOIC32,IC,,,,,
Pin,Name,Type,Side,Unit,Style,Hidden
1,PD0(PSCOUT00/XCK/SS_A),in,right,1,,
2,PC0(PSCOUT10/INT3),in,right,1,,
3,PE0(RESET/OCD),in,left,1,,
4,PD1(PSCIN0/CLK0),in,right,1,,
5,PD2(PSCIN2/OC1A/MISO_A),in,right,1,,
6,PD3(TXD/OC0A/SS/MOSI_A),in,right,1,,
7,PC1(PSCIN1/OC1B),in,right,1,,
8,VCC,in,left,1,,
9,GND,in,left,1,,
10,PC2(T0/PSCOUT22),in,right,1,,
11,PB3(T1/PSCOUT23),in,right,1,,
12,PB0(MISO/PSCOUT20),in,right,1,,
13,PB1(MOSI/PSCOUT21),in,right,1,,
14,PE1(XTAL1/OC0B),in,left,1,,
15,PE2(XTAL2/ADC0),in,left,1,,
16,PD4(ADC1/RXD/ICP1A/SCK_A),in,right,1,,
17,PD5(ADC2/ACMP2),in,right,1,,
18,PD6(ADC3/ACMPM/INT0),in,right,1,,
19,PD7(ACMP0),in,right,1,,
20,PB2(ADC5/INT1),in,right,1,,
21,PC4(ADC8/AMP1-),in,right,1,,
22,PC5(ADC9/AMP1+),in,right,1,,
23,AVCC,in,left,1,,
24,AGND,in,left,1,,
25,AREF,in,left,1,,
26,PC6(ADC10/ACMP1),in,right,1,,
27,PB3(AMP0-),in,right,1,,
28,PB4(AMP0+),in,right,1,,
29,PC7(D2A),in,right,1,,
30,PB5(ADC6/INT2),in,right,1,,
31,PB6(ADC7/ICP1B/PSCOUT11),in,right,1,,
32,PB7(PSCOUT01/ADC4/SCK),in,right,1,,
,,,,,,
ATMEGA2560-16AU,IC,,,,,
Pin,Name,Type,Side,Unit,Style,Hidden
1,(OC0B)PG5,bidir,right,1,,
2,(RXD0/PCIN8)PE0,bidir,right,1,,
3,(TXD0)PE1,bidir,right,1,,
4,(XCK0/AIN0)PE2,bidir,right,1,,
5,(OC3A/AIN1)PE3,bidir,right,1,,
6,(OC3B/INT4)PE4,bidir,right,1,,
7,(OC3C/INT5)PE5,bidir,right,1,,
8,(T3/INT6)PE6,bidir,right,1,,
9,(CLKO/ICP3/INT7)PE7,bidir,right,1,,
10,VCC,pwr,left,1,,
11,GND,pwr,left,1,,
12,PH0(RXD2),bidir,left,1,,
13,PH1(TXD2),bidir,left,1,,
14,PH2(XCK2),bidir,left,1,,
15,PH3(OC4A),bidir,left,1,,
16,PH4(OC4B),bidir,left,1,,
17,PH5(OC4C),bidir,left,1,,
18,PH6(OC2B),bidir,left,1,,
19,(SS/PCINT0)PB0,bidir,right,1,,
20,(SCK/PCINT1)PB1,bidir,right,1,,
21,(MOSI/PCINT2)PB2,bidir,right,1,,
22,(MISO/PCINT3)PB3,bidir,right,1,,
23,(OC2A/PCINT4)PB4,bidir,right,1,,
24,(OC1A/PCINT5)PB5,bidir,right,1,,
25,(OC1B/PCINT6)PB6,bidir,right,1,,
26,(OC0A/OC1C/PCINT7)PB7,bidir,right,1,,
27,PH7(T4),bidir,left,1,,
28,(TOSC2)PG3,bidir,right,1,,
29,(TOSC1)PG4,bidir,right,1,,
30,RESET,in,left,1,inv,
31,VCC1,pwr,left,1,,
32,GND1,pwr,left,1,,
33,XTAL2,out,left,1,,
34,XTAL1,in,left,1,,
35,PL0(ICP4),bidir,left,1,,
36,PL1(ICP5),bidir,left,1,,
37,PL2(T5),bidir,left,1,,
38,PL3(OC5A),bidir,left,1,,
39,PL4(OC5B),bidir,left,1,,
40,PL5(OC5C),bidir,left,1,,
41,PL6,bidir,left,1,,
42,PL7,bidir,left,1,,
43,(SCL/INT0)PD0,bidir,right,1,,
44,(SDA/INT1)PD1,bidir,right,1,,
45,(RXD1/INT2)PD2,bidir,right,1,,
46,(TXD1/INT3)PD3,bidir,right,1,,
47,(ICP1)PD4,bidir,right,1,,
48,(XCK1)PD5,bidir,right,1,,
49,(T1)PD6,bidir,right,1,,
50,(T0)PD7,bidir,right,1,,
51,(WR)PG0,bidir,right,1,,
52,(RD)PG1,bidir,right,1,,
53,(A8)PC0,bidir,right,1,,
54,(A9)PC1,bidir,right,1,,
55,(A10)PC2,bidir,right,1,,
56,(A11)PC3,bidir,right,1,,
57,(A12)PC4,bidir,right,1,,
58,(A13)PC5,bidir,right,1,,
59,(A14)PC6,bidir,right,1,,
60,(A15)PC7,bidir,right,1,,
61,VCC2,pwr,left,1,,
62,GND2,pwr,left,1,,
63,PJ0(RXD3/PCINT9),bidir,left,1,,
64,PJ1(TXD3/PCINT10),bidir,left,1,,
65,PJ2(XCK3/PCINT11),bidir,left,1,,
66,PJ3(PCINT12),bidir,left,1,,
67,PJ4(PCINT13),bidir,left,1,,
68,PJ5(PCINT14),bidir,left,1,,
69,PJ6(PCINT15),bidir,left,1,,
70,(ALE)PG2,bidir,right,1,,
71,(AD7)PA7,bidir,right,1,,
72,(AD6)PA6,bidir,right,1,,
73,(AD5)PA5,bidir,right,1,,
74,(AD4)PA4,bidir,right,1,,
75,(AD3)PA3,bidir,right,1,,
76,(AD2)PA2,bidir,right,1,,
77,(AD1)PA1,bidir,right,1,,
78,(AD0)PA0,bidir,right,1,,
79,PJ7,bidir,left,1,,
80,VCC3,pwr,left,1,,
81,GND3,pwr,left,1,,
82,PK7(ADC15/PCINT23),bidir,left,1,,
83,PK6(ADC14/PCINT22),bidir,left,1,,
84,PK5(ADC13/PCINT21),bidir,left,1,,
85,PK4(ADC12/PCINT20),bidir,left,1,,
86,PK3(ADC11/PCINT19),bidir,left,1,,
87,PK2(ADC10/PCINT18),bidir,left,1,,
88,PK1(ADC9/PCINT17),bidir,left,1,,
89,PK0(ADC8/PCINT16),bidir,left,1,,
90,(ADC7/TDI)PF7,bidir,right,1,,
91,(ADC6/TDO)PF6,bidir,right,1,,
92,(ADC5/TMS)PF5,bidir,right,1,,
93,(ADC4/TCK)PF4,bidir,right,1,,
94,(ADC3)PF3,bidir,right,1,,
95,(ADC2)PF2,bidir,right,1,,
96,(ADC1)PF1,bidir,right,1,,
97,(ADC0)PF0,bidir,right,1,,
98,AREF,bidir,left,1,,
99,AGND,pwr,left,1,,
100,AVCC,pwr,left,1,,
,,,,,,
C-POL,C,,,,,
Pin,Name,Type,Side,Unit,Style,Hidden
1,~,passive,top,1,,
2,~,passive,bottom,1,,
,,,,,,
CC2520,U,,,,,
Pin,Name,Type,Side,Unit,Style,Hidden
1,SO,out,left,1,,
2,SI,in,left,1,,
3,CS_N,in,left,1,,
4,GPIO5,bidir,left,1,,
5,GPIO4,bidir,left,1,,
6,GPIO3,bidir,left,1,,
7,GPIO2,bidir,left,1,,
8,DVDD,pwr,left,1,,
9,GPIO1,bidir,left,1,,
10,GPIO0,bidir,left,1,,
11,AVDD5,pwr,right,1,,
12,XOSC_Q2,bidir,right,1,,
13,XOSC_Q1,bidir,right,1,,
14,AVDD3,pwr,right,1,,
15,NC,NC,right,1,,
16,AVDD2,pwr,right,1,,
17,RF_P,bidir,right,1,,
18,NC,NC,right,1,,
19,RF_N,bidir,right,1,,
20,AVDD1,pwr,right,1,,
21,NC,NC,right,1,,
22,AVDD4,pwr,right,1,,
23,RBIAS,bidir,right,1,,
24,AVDD_GUARD,pwr,right,1,,
25,RESET_N,in,left,1,,
26,VREG_EN,in,left,1,,
27,DCOUPLE,pwr_out,right,1,,
28,SCLK,in,left,1,,
29,GND_EXPOSED,pwr,left,1,,
,,,,,,
CLAMPING_DOUBLE_DIODE,D,,,,,
Pin,Name,Type,Side,Unit,Style,Hidden
1,A,passive,left,1,,
2,K,passive,right,1,,
3,COMMON,passive,top,1,,
,,,,,,
CONN_16,P,,,,,
Pin,Name,Type,Side,Unit,Style,Hidden
1,P1,passive,left,1,inv,
2,P2,passive,left,1,inv,
3,P3,passive,left,1,inv,
4,P4,passive,left,1,inv,
5,P5,passive,left,1,inv,
6,P6,passive,left,1,inv,
7,P7,passive,left,1,inv,
8,P8,passive,left,1,inv,
9,P9,passive,left,1,inv,
10,P10,passive,left,1,inv,
11,P11,passive,left,1,inv,
12,P12,passive,left,1,inv,
13,P13,passive,left,1,inv,
14,P14,passive,left,1,inv,
15,P15,passive,left,1,inv,
16,P16,passive,left,1,inv,
,,,,,,
CONN_MICAZ,U,,,,,
Pin,Name,Type,Side,Unit,Style,Hidden
1,1,bidir,left,1,,
2,2,bidir,left,1,,
3,3,bidir,left,1,,
4,4,bidir,left,1,,
5,5,bidir,left,1,,
6,6,bidir,left,1,,
7,7,bidir,left,1,,
8,8,bidir,left,1,,
9,9,bidir,left,1,,
10,10,bidir,left,1,,
11,11,bidir,left,1,,
12,12,bidir,left,1,,
13,13,bidir,left,1,,
14,14,bidir,left,1,,
15,15,bidir,left,1,,
16,16,bidir,left,1,,
17,17,bidir,left,1,,
18,18,bidir,left,1,,
19,19,bidir,left,1,,
20,20,bidir,left,1,,
21,21,bidir,left,1,,
22,22,bidir,left,1,,
23,23,bidir,left,1,,
24,24,bidir,left,1,,
25,25,bidir,left,1,,
26,26,bidir,left,1,,
27,27,bidir,right,1,,
28,28,bidir,right,1,,
29,29,bidir,right,1,,
30,30,bidir,right,1,,
31,31,bidir,right,1,,
32,32,bidir,right,1,,
33,33,bidir,right,1,,
34,34,bidir,right,1,,
35,35,bidir,right,1,,
36,36,bidir,right,1,,
37,37,bidir,right,1,,
38,38,bidir,right,1,,
39,39,bidir,right,1,,
40,40,bidir,right,1,,
41,41,bidir,right,1,,
42,42,bidir,right,1,,
43,43,bidir,right,1,,
44,44,bidir,right,1,,
45,45,bidir,right,1,,
46,46,bidir,right,1,,
47,47,bidir,right,1,,
48,48,bidir,right,1,,
49,49,bidir,right,1,,
50,50,bidir,right,1,,
51,51,bidir,right,1,,
,,,,,,
CRYSTAL_GROUND_PIN,X,,,,,
Pin,Name,Type,Side,Unit,Style,Hidden
1,1,passive,left,1,,
2,2,passive,right,1,,
3,GND,passive,bottom,1,,
,,,,,,
CRYSTAL_SMD,X,,,,,
Pin,Name,Type,Side,Unit,Style,Hidden
1,CLK,passive,left,1,,
2,GND/NC,passive,left,1,,
3,CLK,passive,right,1,,
4,GND/NC,passive,right,1,,
,,,,,,
Crystal_GND3_2,X,,,,,
Pin,Name,Type,Side,Unit,Style,Hidden
1,1,passive,left,1,,
2,2,passive,right,1,,
3,3,passive,bottom,1,,
,,,,,,
DC_POWER_JACK,J,,,,,
Pin,Name,Type,Side,Unit,Style,Hidden
1,~,out,left,1,,
2,~,out,left,1,,
3,~,bidir,left,1,,
,,,,,,
DM3D-SF,U,,,,,
Pin,Name,Type,Side,Unit,Style,Hidden
1,DAT2(RSV),bidir,left,1,,
2,CD/DAT3(CS),bidir,left,1,,
3,CMD(DI),in,left,1,,
4,VDD,in,right,1,,
5,CLK(SCLK),in,left,1,,
6,VSS,in,right,1,,
7,DAT0(D0),bidir,left,1,,
8,DAT1(RSV),bidir,left,1,,
A,CD_A,bidir,right,1,,
B,CD_B,bidir,right,1,,
,,,,,,
DP83848_LQFP,U,,,,,
Pin,Name,Type,Side,Unit,Style,Hidden
1,TX_CLK,out,right,1,,
2,TX_EN,in,right,1,,
3,TXD_0,in,right,1,,
4,TXD_1,in,right,1,,
5,TXD_2,in,right,1,,
6,TXD_3,in,right,1,,
7,PWR_DOWN/INT,in,right,1,,
8,RESERVED,NC,left,1,,
9,RESERVED,NC,left,1,,
10,RESERVED,NC,left,1,,
11,RESERVED,NC,left,1,,
12,RESERVED,NC,left,1,,
13,RD-,bidir,right,1,,
14,RD+,bidir,right,1,,
15,AGND,pwr,left,1,,
16,TD-,bidir,right,1,,
17,TD+,bidir,right,1,,
18,PFBIN1,in,left,1,,
19,AGND,pwr,left,1,,
20,RESERVED,in,left,1,,
21,RESERVED,in,left,1,,
22,AVDD33,pwr,left,1,,
23,PFBOUT,out,left,1,,
24,RBIAS,in,left,1,,
25,25MHz_OUT,out,left,1,,
26,LED_ACT/COL,out,right,1,,
27,LED_SPEED,out,right,1,,
28,LED_LINK,out,right,1,,
29,RESET_N,in,right,1,,
30,MDIO,bidir,right,1,,
31,MDC,in,right,1,,
32,IOVDD33,pwr,left,1,,
33,X2,out,left,1,,
34,X1,in,left,1,,
35,IOGND,pwr,left,1,,
36,DGND,pwr,left,1,,
37,PFBIN2,in,left,1,,
38,RX_CLK,out,right,1,,
39,RX_DV,out,right,1,,
40,CRS/CRS_DV,out,right,1,,
41,RX_ER,out,right,1,,
42,COL,out,right,1,,
43,RXD_0,out,right,1,,
44,RXD_1,out,right,1,,
45,RXD_2,out,right,1,,
46,RXD_3,out,right,1,,
47,IOGND,pwr,left,1,,
48,IOVDD33,pwr,left,1,,
,,,,,,
DRV8302,U,,,,,
Pin,Name,Type,Side,Unit,Style,Hidden
1,RT_CLK,in,left,1,,
2,COMP,out,left,1,,
3,VSENSE,in,left,1,,
4,PWRGD,in,left,1,,
5,OCTW,out,left,1,,
6,FAULT,out,left,1,,
7,DTC,in,left,1,,
8,M_PWM,in,left,1,,
9,M_OC,in,left,1,,
10,GAIN,in,left,1,,
11,OC_ADJ,in,left,1,,
12,DC_CAL,in,left,1,,
13,GVDD,pwr_out,left,1,,
14,CP1,pwr_out,left,1,,
15,CP2,pwr_out,left,1,,
16,EN_GATE,in,left,1,,
17,INH_A,in,left,1,,
18,INL_A,in,left,1,,
19,INH_B,in,left,1,,
20,INL_B,in,left,1,,
21,INH_C,in,left,1,,
22,INL_C,in,left,1,,
23,DVDD,pwr_out,left,1,,
24,REF,in,left,1,,
25,SO1,out,left,1,,
26,SO2,out,left,1,,
27,AVDD,pwr_out,left,1,,
28,AGND,pwr,left,1,,
29,PVDD1,pwr,right,1,,
30,SP2,in,right,1,,
31,SN2,in,right,1,,
32,SP1,in,right,1,,
33,SN1,in,right,1,,
34,SL_C,in,right,1,,
35,GL_C,out,right,1,,
36,SH_C,in,right,1,,
37,GH_C,out,right,1,,
38,BST_C,pwr_out,right,1,,
39,SL_B,in,right,1,,
40,GL_B,out,right,1,,
41,SH_B,in,right,1,,
42,GH_B,out,right,1,,
43,BST_B,pwr_out,right,1,,
44,SL_A,in,right,1,,
45,GL_A,out,right,1,,
46,SH_A,in,right,1,,
47,GH_A,out,right,1,,
48,BST_A,pwr_out,right,1,,
49,BIAS,in,right,1,,
50,PH,out,right,1,,
51,PH,passive,right,1,,
52,BST_BK,pwr_out,right,1,,
53,PVDD2,pwr,right,1,,
54,PVDD2,pwr,right,1,,
55,EN_BUCK,in,right,1,,
56,SS_TR,in,right,1,,
57,GND(POWER_PAD),pwr,bottom,1,,
,,,,,,
DRV8312,U,,,,,
Pin,Name,Type,Side,Unit,Style,Hidden
1,GVDD_C,pwr,left,1,,
2,VDD,pwr,left,1,,
3,NC,NC,left,1,,
4,NC,NC,left,1,,
5,PWM_C,in,left,1,,
6,RESET_C,in,left,1,,
7,RESET_B,in,left,1,,
8,M1,in,left,1,,
9,M2,in,left,1,,
10,M3,in,left,1,,
11,VREG,pwr_out,left,1,,
12,AGND,pwr,left,1,,
13,GND,pwr,left,1,,
14,OC_ADJ,out,left,1,,
15,PWM_B,in,left,1,,
16,RESET_A,in,left,1,,
17,PWM_A,in,left,1,,
18,FAULT,out,left,1,,
19,NC,NC,left,1,,
20,NC,NC,left,1,,
21,OTW,out,left,1,,
22,GVDD_B,pwr,left,1,,
23,GVDD_A,pwr,right,1,,
24,BST_A,pwr_out,right,1,,
25,NC,NC,right,1,,
26,PVDD_A,pwr,right,1,,
27,PVDD_A,pwr,right,1,,
28,OUT_A,out,right,1,,
29,GND_A,pwr,right,1,,
30,GND_B,pwr,right,1,,
31,OUT_B,out,right,1,,
32,PVDD_B,pwr,right,1,,
33,BST_B,pwr_out,right,1,,
34,NC,NC,right,1,,
35,NC,NC,right,1,,
36,GND,pwr,right,1,,
37,GND,pwr,right,1,,
38,GND_C,pwr,right,1,,
39,OUT_C,out,right,1,,
40,PVDD_C,pwr,right,1,,
41,PVDD_C,pwr,right,1,,
42,NC,NC,right,1,,
43,BST_C,pwr_out,right,1,,
44,GVDD_C,pwr,right,1,,
45,PAD,in,bottom,1,,
,,,,,,
DRV8332,U,,,,,
Pin,Name,Type,Side,Unit,Style,Hidden
1,GVDD_B,pwr,left,1,,
2,OTW,out,left,1,,
3,FAULT,out,left,1,,
4,PWM_A,in,left,1,,
5,RESET_A,in,left,1,,
6,PWM_B,in,left,1,,
7,OC_ADJ,out,left,1,,
8,GND,pwr,left,1,,
9,AGND,pwr,left,1,,
10,VREG,pwr_out,left,1,,
11,M3,in,left,1,,
12,M2,in,left,1,,
13,M1,in,left,1,,
14,RESET_B,in,left,1,,
15,RESET_C,in,left,1,,
16,PWM_C,in,left,1,,
17,VDD,pwr,left,1,,
18,GVDD_C,pwr,left,1,,
19,GVDD_C,pwr,right,1,,
20,BST_C,pwr_out,right,1,,
21,PVDD_C,pwr,right,1,,
22,OUT_C,out,right,1,,
23,GND_C,pwr,right,1,,
24,GND,pwr,right,1,,
25,GND,pwr,right,1,,
26,NC,NC,right,1,,
27,NC,NC,right,1,,
28,BST_B,pwr_out,right,1,,
29,PVDD_B,pwr,right,1,,
30,OUT_B,out,right,1,,
31,GND_B,pwr,right,1,,
32,GND_A,pwr,right,1,,
33,OUT_A,out,right,1,,
34,PVDD_A,pwr,right,1,,
35,BST_A,pwr_out,right,1,,
36,GVDD_A,pwr,right,1,,
,,,,,,
DRV8833,H,,,,,
Pin,Name,Type,Side,Unit,Style,Hidden
1,nSleep,in,left,1,,
2,AOUT1,in,right,1,,
3,AISEN,in,right,1,,
4,AOUT2,in,right,1,,
5,BOUT2,in,right,1,,
6,BISEN,in,right,1,,
7,BOUT1,in,right,1,,
8,nFault,in,right,1,,
9,BIN1,in,left,1,,
10,BIN2,in,left,1,,
11,VCP,in,left,1,,
12,VM,in,left,1,,
13,GND,in,right,1,,
14,VINT,in,left,1,,
15,AIN2,in,left,1,,
16,AIN1,in,left,1,,
17,GND,in,right,1,,
,,,,,,
DSPIC33FJXXMC-202,U,,,,,
Pin,Name,Type,Side,Unit,Style,Hidden
1,MCLR,in,left,1,inv,
2,AN0/VREF+/CN2/RA0,in,right,1,,
3,AN1/VREF-/CN3/RA1,bidir,right,1,,
4,PGED1/AN2/C2IN-/RP0(1)/CN4/RB0,bidir,right,1,,
5,PGEC1/_AN3/C2IN+/RP1_/CN5/RB1,bidir,right,1,,
6,AN4/C1IN-/RP2(1)/CN6/RB2,bidir,right,1,,
7,AN5/C1IN+/RP3(1)/CN7/RB3,bidir,right,1,,
8,VSS,pwr,left,1,,
9,OSC1/CLKI/CN30/RA2,bidir,right,1,,
10,OSC2/CLKO/CN29/PMA0/RA3,bidir,right,1,,
11,SOSCI/RP4(1)/CN1/PMBE/RB4,bidir,right,1,,
12,SOSCO/T1CK/CN0/PMA1/RA4,bidir,right,1,,
13,VDD,pwr,left,1,,
14,PGED3/ASDA1/RP5(1)/CN27/PMD7/RB5,bidir,right,1,,
15,PGEC3/ASCL1/RP6(1)/CN24/PMD6/RB6,bidir,right,1,,
16,INT0/RP7(1)/CN23/PMD5/RB7,bidir,right,1,,
17,TCK/PWM2H1/SCL1/RP8(1)/CN22/PMD4/RB8,bidir,right,1,,
18,TDO/PWM2L1/SDA1/RP9(1)/CN21/PMD3/RB9,bidir,right,1,,
19,VSS,out,left,1,,
20,VCAP,out,left,1,,
21,PGED2/TDI/PWM1H3/RP10(1)/CN16/PMD2/RB10,bidir,right,1,,
22,PGEC2/TMS/PWM1L3/RP11(1)/CN15/PMD1/RB11,bidir,right,1,,
23,PWM1H2/RP12(1)/CN14/PMD0/RB12,bidir,right,1,,
24,PWM1L2/RP13(1)/CN13/PMRD/RB13,bidir,right,1,,
25,PWM1H1/RTCC/RP14(1)/CN12/PMWR/RB14,bidir,right,1,,
26,PWM1L1/RP15(1)/CN11/PMCS1/RB15,bidir,right,1,,
27,AVSS,pwr,left,1,,
28,AVDD,pwr,left,1,,
,,,,,,
DSPIC33FJXXMC-204,U,,,,,
Pin,Name,Type,Side,Unit,Style,Hidden
1,SDA1/RP9(1)/CN21/PMD3/RB9,bidir,right,1,,
2,PWM2H1/RP22(1)/CN18/PMA1/RC6,bidir,right,1,,
3,PWM2L1/RP23(1)/CN17/PMA0/RC7,bidir,right,1,,
4,RP24(1)/CN20/PMA5/RC8,bidir,right,1,,
5,RP25(1)/CN19/PMA6/RC9,bidir,right,1,,
6,VSS,pwr,left,1,,
7,VCAP,out,left,1,,
8,PGED2/EMCD2/PWM1H3/RP10(1)/CN16/PMD2/RB10,bidir,right,1,,
9,PGEC2/PWM1L3/RP11(1)/CN15/PMD1/RB11,bidir,right,1,,
10,PWM1H2/RP12(1)/CN14/PMD0/RB12,bidir,right,1,,
11,PWM1L2/RP13(1)/CN13/PMRD/RB13,bidir,right,1,,
12,TMS/PMA10/RA10,bidir,right,1,,
13,TCK/PMA7/RA7,bidir,right,1,,
14,PWM1H1/RTCC/RP14(1)/CN12/PMWR/RB14,bidir,right,1,,
15,PWM1L1/RP15(1)/CN11/PMCS1/RB15,bidir,right,1,,
16,AVSS,pwr,left,1,,
17,AVDD,pwr,left,1,,
18,MCLR,in,left,1,,
19,AN0/VREF+/CN2/RA0,bidir,right,1,,
20,AN1/VREF-/CN3/RA1,bidir,right,1,,
21,PGED1/AN2/C2IN-/RP0(1)/CN4/RB0,bidir,right,1,,
22,PGEC1/AN3/C2IN+/RP1(1)/CN5/RB1,bidir,right,1,,
23,AN4/C1IN-/RP2(1)/CN6/RB2,bidir,right,1,,
24,AN5/C1IN+/RP3(1)/CN7/RB3,bidir,right,1,,
25,AN6/RP16(1)/CN8/RC0,bidir,right,1,,
26,AN7/RP17(1)/CN9/RC1,bidir,right,1,,
27,AN8/CVREF/RP18/PMA2/CN10/RC2,bidir,right,1,,
28,VDD,pwr,left,1,,
29,VSS,pwr,left,1,,
30,OSC1/CLKI/CN30/RA2,bidir,right,1,,
31,OSC2/CLKO/CN29/RA3,bidir,right,1,,
32,TDO/PMA8/RA8,bidir,right,1,,
33,SOSCI/RP4(1)/CN1/RB4,bidir,right,1,,
34,SOSCO/T1CK/CN0/RA4,bidir,right,1,,
35,TDI/PMA9/RA9,bidir,right,1,,
36,RP19(1)/CN28/PMBE/RC3,bidir,right,1,,
37,RP20(1)/CN25/PMA4/RC4,bidir,right,1,,
38,RP21(1)/CN26/PMA3/RC5,bidir,right,1,,
39,VSS,pwr,left,1,,
40,VDD,pwr,left,1,,
41,PGED3/ASDA1/RP5(1)/CN27/PMD7/RB5,bidir,right,1,,
42,PGEC3/ASCL1/RP6(1)/CN24/PMD6/RB6,bidir,right,1,,
43,INT0/RP7(1)/CN23/PMD5/RB7,bidir,right,1,,
44,SCL1/RP8(1)/CN22/PMD4/RB8,bidir,right,1,,
,,,,,,
FAN7371,U,,,,,
Pin,Name,Type,Side,Unit,Style,Hidden
1,VDD,in,left,1,,
2,IN,in,left,1,,
4,GND,in,left,1,,
6,VS,in,right,1,,
7,HO,in,right,1,,
8,VB,in,right,1,,
,,,,,,
FAN7390,U,,,,,
Pin,Name,Type,Side,Unit,Style,Hidden
1,HIN,in,left,1,,
2,LIN,in,left,1,,
3,COM,pwr,left,1,,
4,LO,out,left,1,,
5,VDD,pwr,right,1,,
6,VS,in,right,1,,
7,HO,out,right,1,,
8,VB,out,right,1,,
,,,,,,
G5L,K,,,,,
Pin,Name,Type,Side,Unit,Style,Hidden
1,C1,passive,left,1,,
2,2,in,left,1,,
3,T1,passive,right,1,,
4,R1,passive,right,1,,
5,5,in,left,1,,
,,,,,,
HF15H,X,,,,,
Pin,Name,Type,Side,Unit,Style,Hidden
1,1,passive,left,1,,
2,2,passive,left,1,,
3,3,passive,left,1,,
4,4,passive,left,1,,
5,5,passive,left,1,,
6,6,passive,left,1,,
7,7,passive,left,1,,
8,8,passive,left,1,,
9,9,passive,left,1,,
10,10,passive,left,1,,
11,11,passive,right,1,,
12,12,passive,right,1,,
13,13,passive,right,1,,
14,14,passive,right,1,,
15,15,passive,right,1,,
,,,,,,
IGBT_N,Q,,,,,
Pin,Name,Type,Side,Unit,Style,Hidden
C,C,passive,top,1,,
E,E,passive,bottom,1,,
G,G,in,left,1,,
,,,,,,
INA126,U,,,,,
Pin,Name,Type,Side,Unit,Style,Hidden
1,RG2,in,left,1,,
2,VIN-,in,left,1,,
3,VIN+,in,left,1,,
4,V-,pwr,bottom,1,,
5,GND,bidir,right,1,,
6,VO,out,right,1,,
7,V+,pwr,top,1,,
8,RG1,in,left,1,,
,,,,,,
IRF7749,Q,,,,,
Pin,Name,Type,Side,Unit,Style,Hidden
D,D,passive,top,1,,
G,G,in,left,1,,
S,S,passive,bottom,1,,
,,,,,,
IRMOT,IRMOT,,,,,
Pin,Name,Type,Side,Unit,Style,Hidden
1,OUT,in,right,1,,
2,GND,in,right,1,,
3,VCC,in,right,1,,
,,,,,,
ISO1050,U,,,,,
Pin,Name,Type,Side,Unit,Style,Hidden
1,VCC1,pwr,left,1,,
2,RXD,out,left,1,,
3,TXD,in,left,1,,
4,GND1,pwr,left,1,,
5,GND2,in,right,1,,
6,CANL,bidir,right,1,,
7,CANH,bidir,right,1,,
8,VCC2,in,right,1,,
,,,,,,
ITR8307,U,,,,,
Pin,Name,Type,Side,Unit,Style,Hidden
1,~,in,right,1,,
2,~,in,left,1,,
3,~,in,right,1,,
4,~,in,left,1,,
,,,,,,
K400000x,T,,,,,
Pin,Name,Type,Side,Unit,Style,Hidden
1,AB,passive,left,1,,
2,~,NC,left,1,,
3,AA,passive,left,1,,
4,SB,passive,right,1,,
6,SA,passive,right,1,,
,,,,,,
L,L,,,,,
Pin,Name,Type,Side,Unit,Style,Hidden
1,~,passive,top,1,,
2,~,passive,bottom,1,,
,,,,,,
L298,IC,,,,,
Pin,Name,Type,Side,Unit,Style,Hidden
1,SEN_A,in,right,1,,
2,OUT1,out,right,1,,
3,OUT2,out,right,1,,
4,VS,pwr,right,1,,
5,INPUT1,in,left,1,,
6,ENABLE_A,in,left,1,,
7,INPUT2,in,left,1,,
8,GND,pwr,left,1,,
9,VCC,pwr,left,1,,
10,INPUT3,in,left,1,,
11,ENABLE_B,in,left,1,,
12,INPUT4,in,left,1,,
13,OUT3,out,right,1,,
14,OUT4,out,right,1,,
15,SEN_B,in,right,1,,
,,,,,,
L298P,IC,,,,,
Pin,Name,Type,Side,Unit,Style,Hidden
1,GND,in,left,1,,
2,Sense_A,in,right,1,,
3,NC,in,right,1,,
4,Out_1,in,right,1,,
5,Out_2,in,right,1,,
6,V_Output,in,left,1,,
7,Input_1,in,left,1,,
8,Enable_A,in,left,1,,
9,Input_2,in,left,1,,
10,GND,in,left,1,,
11,GND,in,left,1,,
12,Sense_B,in,right,1,,
13,NC,in,right,1,,
14,Out_3,in,right,1,,
15,Out_4,in,right,1,,
16,Input_4,in,left,1,,
17,Enable_B,in,left,1,,
18,Input_3,in,left,1,,
19,VCC,in,left,1,,
20,GND,in,left,1,,
,,,,,,
LM2675,U,,,,,
Pin,Name,Type,Side,Unit,Style,Hidden
1,Cb,in,right,1,,
4,FB,in,top,1,,
5,ON/OFF,in,bottom,1,,
6,GND,in,bottom,1,,
7,Vin,in,left,1,,
8,Vsw,in,right,1,,
,,,,,,
LM3671,U,,,,,
Pin,Name,Type,Side,Unit,Style,Hidden
1,Vin,in,left,1,,
2,GND,pwr,left,1,,
3,En,passive,left,1,,
4,FB,passive,right,1,,
5,SW,out,right,1,,
,,,,,,
LM5006,U,,,,,
Pin,Name,Type,Side,Unit,Style,Hidden
1,SW,pwr_out,right,1,,
2,BST,in,right,1,,
3,LG,out,right,1,,
4,RTN,pwr,right,1,,
5,UV,in,left,1,,
6,UVO,out,left,1,,
7,FB,in,right,1,,
8,RT/SD,in,left,1,,
9,VCC,pwr_out,right,1,,
10,VIN,pwr,left,1,,
,,,,,,
LPC1769FBD100,U,,,,,
Pin,Name,Type,Side,Unit,Style,Hidden
1,TDO/SWO,out,left,1,,
2,TDI,in,left,1,,
3,TMS/SWDIO,bidir,left,1,,
4,~TRST~,in,left,1,,
5,TCK/SWDCLK,in,left,1,,
6,P0[26]/AD0[3]/AOUT/RXD3,bidir,left,1,,
7,P0[25]/AD0[2]/I2SRX_SDA/TXD3,bidir,left,1,,
8,P0[24]/AD0[1]/I2SRX_WS/CAP3[1],bidir,left,1,,
9,P0[23]/AD0[0]/I2SRX_CLK/CAP3[0],bidir,left,1,,
10,VDDA,in,top,1,,
11,VSSA,pwr,bottom,1,,
12,VREFP,pwr,right,1,,
14,~RSTOUT~,out,left,1,,
15,VREFN,pwr,right,1,,
16,RTCX1,in,left,1,,
17,~RESET~,in,left,1,,
18,RTCX2,out,left,1,,
19,VBAT,in,left,1,,
20,P1[31]/SCK1/AD0[5],bidir,right,1,,
21,P1[30]/VBUS/AD0[4],bidir,right,1,,
22,XTAL1,in,left,1,,
23,XTAL2,in,left,1,,
24,P0[28]/SCL0/USB_SCL,bidir,left,1,,
25,P0[27]/SDA0/USB_SDA,bidir,left,1,,
26,P3[26]/STCLK/MAT0[1]/PWM1[3],bidir,right,1,,
27,P3[25]/MAT0[0]/PWM1[2],bidir,right,1,,
28,VDD(3V3),pwr,top,1,,
29,P0[29]/USB_D+,bidir,left,1,,
30,P0[30]/USB_D-,bidir,left,1,,
31,VSS,pwr,bottom,1,,
32,P1[18]/USB_UP_LED/PWM1[1]/CAP1[0],bidir,right,1,,
33,P1[19]/MCOA0/~USB_PPWR~/CAP1[1],bidir,right,1,,
34,P1[20]/MCI0/PWM1[2]/SCK0,bidir,right,1,,
35,P1[21]/~MCABORT~/PWM1[3]/SSEL0,bidir,right,1,,
36,P1[22]/MCOB0/USB_PWRD/MAT1[0],bidir,right,1,,
37,P1[23]/MCI1/PWM1[4]/MISO0,bidir,right,1,,
38,P1[24]/MCI2/PWM1[5]/MOSI0,bidir,right,1,,
39,P1[25]/MCOA1/MAT1[1],bidir,right,1,,
40,P1[26]/MCOB1/PWM1[6]/CAP0[0],bidir,right,1,,
41,VSS,pwr,bottom,1,,
42,VDD(REG)(3V3),pwr,top,1,,
43,P1[27]/CLKOUT/~USB_OVRCR~/CAP0[1],bidir,right,1,,
44,P1[28]/MCOA2/PCAP1[0]/MAT0[0],bidir,right,1,,
45,P1[29]/MCOB2/PCAP1[1]/MAT0[1],bidir,right,1,,
46,P0[0]/RD1/TXD3/SDA1,bidir,left,1,,
47,P0[1]/TD1/RXD3/SCL1,bidir,left,1,,
48,P0[10]/TXD2/SDA2/MAT3[0],bidir,left,1,,
49,P0[11]/RXD2/SCL2/MAT3[1],bidir,left,1,,
50,P2[13]/~EINT3~/I2STX_SDA,bidir,right,1,,
51,P2[12]/~EINT2~/I2STX_WS,bidir,right,1,,
52,P2[11]/~EINT1~/I2STX_CLK,bidir,right,1,,
53,P2[10]/~EINT0~/NMI,bidir,right,1,,
54,VDD(3V3),pwr,top,1,,
55,VSS,pwr,bottom,1,,
56,P0[22]/RTS1/TD1,bidir,left,1,,
57,P0[21]/RI1/RD1,bidir,left,1,,
58,P0[20]/DTR1/SCL1,bidir,left,1,,
59,P0[19]/DSR1/SDA1,bidir,left,1,,
60,P0[18]/DCD1/MOSI0/MOSI,bidir,left,1,,
61,P0[17]/CTS1/MISO0/MISO,bidir,left,1,,
62,P0[15]/TXD1/SCK0/SCK,bidir,left,1,,
63,P0[16]/RXD1/SSEL0/SSEL,bidir,left,1,,
64,P2[9]/USB_CONNECT/RXD2,bidir,right,1,,
65,P2[8]/TD2/TXD2,bidir,right,1,,
66,P2[7]/RD2/RTS1,bidir,right,1,,
67,P2[6]/PCAP1[0]/RI1/TRACECLK,bidir,right,1,,
68,P2[5]/PWM1[6]/DTR1/TRACEDATA[0],bidir,right,1,,
69,P2[4]/PWM1[5]/DSR1/TRACEDATA[1],bidir,right,1,,
70,P2[3]/PWM1[4]/DCD1/TRACEDATA[2],bidir,right,1,,
71,VDD(3V3),pwr,top,1,,
72,VSS,pwr,bottom,1,,
73,P2[2]/PWM1[3]/CTS1/TRACEDATA[3],bidir,right,1,,
74,P2[1]/PWM1[2]/RXD1,bidir,right,1,,
75,P2[0]/PWM1[1]/TXD1,bidir,right,1,,
76,P0[9]/I2STX_SDA/MOSI1/MAT2[3],bidir,left,1,,
77,P0[8]/I2STX_WS/MISO1/MAT2[2],bidir,left,1,,
78,P0[7]/I2STX_CLK/SCK1/MAT2[1],bidir,left,1,,
79,P0[6]/I2SRX_SDA/SSEL1/MAT2[0],bidir,left,1,,
80,P0[5]/I2SRX_WS/TD2/CAP2[1],bidir,left,1,,
81,P0[4]/I2SRX_CLK/RD2/CAP2[0],bidir,left,1,,
82,P4[28]/RX_MCLK/MAT2[0]/TXD3,bidir,right,1,,
83,VSS,pwr,bottom,1,,
84,VDD(REG)(3V3),pwr,top,1,,
85,P4[29]/TX_MCLK/MAT2[1]/RXD3,bidir,right,1,,
86,P1[17]/ENET_MDIO,bidir,right,1,,
87,P1[16]/ENET_MDC,bidir,right,1,,
88,P1[15]/ENET_REF_CLK,bidir,right,1,,
89,P1[14]/ENET_RX_ER,bidir,right,1,,
90,P1[10]/ENET_RXD1,bidir,right,1,,
91,P1[9]/ENET_RXD0,bidir,right,1,,
92,P1[8]/ENET_CRS,bidir,right,1,,
93,P1[4]/ENET_TX_EN,bidir,right,1,,
94,P1[1]/ENET_TDX1,bidir,right,1,,
95,P1[0]/ENET_TXD0,bidir,right,1,,
96,VDD(3V3),pwr,top,1,,
97,VSS,pwr,bottom,1,,
98,P0[2]/TXD0/AD0[7],bidir,left,1,,
99,P0[3]/RXD0/AD0[6],bidir,left,1,,
100,RTCK,out,left,1,,
,,,,,,
LY3100ALH,U,,,,,
Pin,Name,Type,Side,Unit,Style,Hidden
1,VDD,pwr,left,1,,
2,ST,in,right,1,,
3,VCONT,in,right,1,,
4,GND,pwr,left,1,,
5,RES,in,left,1,,
6,OUTZ,out,right,1,,
7,VREF,out,right,1,,
8,SLEEP/PD,in,right,1,,
9,VDD,pwr,left,1,,
10,RES,in,left,1,,
,,,,,,
MAX99xx,U,,,,,
Pin,Name,Type,Side,Unit,Style,Hidden
1,RS+,in,top,1,,
2,RS-,in,top,1,,
3,SHDN,in,left,1,,
4,GND,pwr,bottom,1,,
5,OUT,out,right,1,,
6,FB,in,right,1,,
7,REFIN,in,right,1,,
8,VCC,pwr,left,1,,
,,,,,,
MC34071,U,,,,,
Pin,Name,Type,Side,Unit,Style,Hidden
1,OFFSET_NULL,out,left,1,,
2,IN-,in,left,1,,
3,IN+,in,left,1,,
4,VEE,in,right,1,,
5,OFFSET_NULL,out,left,1,,
6,OUT,out,right,1,,
7,VCC,in,right,1,,
,,,,,,
MC34072,U,,,,,
Pin,Name,Type,Side,Unit,Style,Hidden
1,OUT,out,right,1,,
2,IN-,in,left,1,,
3,IN+,in,left,1,,
4,VEE,pwr,right,1,,
5,IN+,in,left,1,,
6,IN-,in,left,1,,
7,OUT,out,right,1,,
8,VCC,pwr,right,1,,
,,,,,,
MCP16311/2,U,,,,,
Pin,Name,Type,Side,Unit,Style,Hidden
1,V_FB,in,left,1,,
2,VCC,in,left,1,,
3,EN,in,left,1,,
4,V_IN,in,left,1,,
5,P_GND,in,right,1,,
6,SW,in,right,1,,
7,BOOST,in,right,1,,
8,A_GND,in,right,1,,
,,,,,,
MD06S,X,,,,,
Pin,Name,Type,Side,Unit,Style,Hidden
1,1,passive,left,1,,
2,2,passive,left,1,,
3,3,passive,left,1,,
4,4,passive,left,1,,
5,5,passive,left,1,,
6,6,passive,left,1,,
,,,,,,
MEGA164P/324P/644P-AU,IC,,,,,
Pin,Name,Type,Side,Unit,Style,Hidden
1,(MOSI/PCINT13)PB5,bidir,right,1,,
2,(MISO/PCINT14)PB6,bidir,right,1,,
3,(SCK/PCINT15)PB7,bidir,right,1,,
4,!RESET,in,left,1,,
5,VCC@1,pwr,left,1,,
6,GND@1,pwr,left,1,,
7,XTAL2,out,left,1,,
8,XTAL1,in,left,1,,
9,(RXD0/PCINT24)PD0,bidir,right,1,,
10,(TXD0/PCINT25)PD1,bidir,right,1,,
11,(RXD1/INT0/PCINT26)PD2,bidir,right,1,,
12,(TXD1/INT1/PCINT27)PD3,bidir,right,1,,
13,(XCK1/OC1B/PCINT28)PD4,bidir,right,1,,
14,(OC1A/PCINT29)PD5,bidir,right,1,,
15,(OC2B/ICP/PCINT30)PD6,bidir,right,1,,
16,(OC2A/PCINT31)PD7,bidir,right,1,,
17,VCC@2,pwr,left,1,,
18,GND@2,pwr,left,1,,
19,(SCL/PCINT16)PC0,bidir,right,1,,
20,(SDA/PCINT17)PC1,bidir,right,1,,
21,(TCK/PCINT18)PC2,bidir,right,1,,
22,(TMS/PCINT19)PC3,bidir,right,1,,
23,(TDO/PCINT20)PC4,bidir,right,1,,
24,(TDI/PCINT21)PC5,bidir,right,1,,
25,(TOSC1/PCINT22)PC6,bidir,right,1,,
26,(TOSC2/PCINT23)PC7,bidir,right,1,,
27,AVCC,pwr,left,1,,
28,GND@3,pwr,left,1,,
29,AREF,pwr,left,1,,
30,(ADC7/PCINT7)PA7,bidir,right,1,,
31,(ADC6/PCINT6)PA6,bidir,right,1,,
32,(ADC5/PCINT5)PA5,bidir,right,1,,
33,(ADC4/PCINT4)PA4,bidir,right,1,,
34,(ADC3/PCINT3)PA3,bidir,right,1,,
35,(ADC2/PCINT2)PA2,bidir,right,1,,
36,(ADC1/PCINT1)PA1,bidir,right,1,,
37,(ADC0/PCINT0)PA0,bidir,right,1,,
38,VCC@3,pwr,left,1,,
39,GND@4,pwr,left,1,,
40,(XCK0/T0/PCINT8)PB0,bidir,right,1,,
41,(CLKO/T1/PCINT9)PB1,bidir,right,1,,
42,(INT2/AIN0/PCINT10)PB2,bidir,right,1,,
43,(OC0A/AIN1/PCINT11)PB3,bidir,right,1,,
44,(OC0B/!SS!/PCINT12)PB4,bidir,right,1,,
,,,,,,
MEGA164P/324P/644P-PU,IC,,,,,
Pin,Name,Type,Side,Unit,Style,Hidden
1,(XCK0/T0/PCINT8)PB0,bidir,right,1,,
2,(CLKO/T1/PCINT9)PB1,bidir,right,1,,
3,(INT2/AIN0/PCINT10)PB2,bidir,right,1,,
4,(OC0A/AIN1/PCINT11)PB3,bidir,right,1,,
5,(OC0B/!SS!/PCINT12)PB4,bidir,right,1,,
6,(MOSI/PCINT13)PB5,bidir,right,1,,
7,(MISO/PCINT14)PB6,bidir,right,1,,
8,(SCK/PCINT15)PB7,bidir,right,1,,
9,!RESET,in,left,1,,
10,VCC,pwr,left,1,,
11,GND@1,pwr,left,1,,
12,XTAL2,out,left,1,,
13,XTAL1,in,left,1,,
14,(RXD0/PCINT24)PD0,bidir,right,1,,
15,(TXD0/PCINT25)PD1,bidir,right,1,,
16,(RXD1/INT0/PCINT26)PD2,bidir,right,1,,
17,(TXD1/INT1/PCINT27)PD3,bidir,right,1,,
18,(XCK1/OC1B/PCINT28)PD4,bidir,right,1,,
19,(OC1A/PCINT29)PD5,bidir,right,1,,
20,(OC2B/ICP/PCINT30)PD6,bidir,right,1,,
21,(OC2A/PCINT31)PD7,bidir,right,1,,
22,(SCL/PCINT16)PC0,bidir,right,1,,
23,(SDA/PCINT17)PC1,bidir,right,1,,
24,(TCK/PCINT18)PC2,bidir,right,1,,
25,(TMS/PCINT19)PC3,bidir,right,1,,
26,(TDO/PCINT20)PC4,bidir,right,1,,
27,(TDI/PCINT21)PC5,bidir,right,1,,
28,(TOSC1/PCINT22)PC6,bidir,right,1,,
29,(TOSC2/PCINT23)PC7,bidir,right,1,,
30,AVCC,pwr,left,1,,
31,GND@2,pwr,left,1,,
32,AREF,pwr,left,1,,
33,(ADC7/PCINT7)PA7,bidir,right,1,,
34,(ADC6/PCINT6)PA6,bidir,right,1,,
35,(ADC5/PCINT5)PA5,bidir,right,1,,
36,(ADC4/PCINT4)PA4,bidir,right,1,,
37,(ADC3/PCINT3)PA3,bidir,right,1,,
38,(ADC2/PCINT2)PA2,bidir,right,1,,
39,(ADC1/PCINT1)PA1,bidir,right,1,,
40,(ADC0/PCINT0)PA0,bidir,right,1,,
,,,,,,
MEGA48/88/168-AU,IC,,,,,
Pin,Name,Type,Side,Unit,Style,Hidden
1,PD3(INT1/OC2B/PCINT19),bidir,right,1,,
2,PD4(T0/XCK/PCINT20),bidir,right,1,,
3,GND@1,pwr,left,1,,
4,VCC@1,pwr,left,1,,
5,GND@2,pwr,left,1,,
6,VCC@2,pwr,left,1,,
7,PB6(XTAL1/TOSC1/PCINT6),bidir,left,1,,
8,PB7(XTAL2/TOSC2/PCINT7),bidir,left,1,,
9,PD5(T1/OC0B/PCINT21),bidir,right,1,,
10,PD6(AIN0/OC0A/PCINT22),bidir,right,1,,
11,PD7(AIN1/PCINT23),bidir,right,1,,
12,PB0(ICP1/CLKO/PCINT0),bidir,right,1,,
13,PB1(OC1A/PCINT1),bidir,right,1,,
14,PB2(SS/OC1B/PCINT2),bidir,right,1,,
15,PB3(MOSI/OC2A/PCINT3),bidir,right,1,,
16,PB4(MISO/PCINT4),bidir,right,1,,
17,PB5(SCK/PCINT5),bidir,right,1,,
18,AVCC,passive,left,1,,
19,ADC6,passive,right,1,,
20,AREF,passive,left,1,,
21,AGND,pwr,left,1,,
22,ADC7,passive,right,1,,
23,PC0(ADC0/PCINT8),bidir,right,1,,
24,PC1(ADC1/PCINT9),bidir,right,1,,
25,PC2(ADC2/PCINT10),bidir,right,1,,
26,PC3(ADC3/PCINT11),bidir,right,1,,
27,PC4(ADC4/SDA/PCINT12),bidir,right,1,,
28,PC5(ADC5/SCL/PCINT13),bidir,right,1,,
29,PC6(/RESET/PCINT14),bidir,left,1,,
30,PD0(RXD/PCINT16),bidir,right,1,,
31,PD1(TXD/PCINT17),bidir,right,1,,
32,PD2(INT0/PCINT18),bidir,right,1,,
,,,,,,
MEGA48/88/168-PU,IC,,,,,
Pin,Name,Type,Side,Unit,Style,Hidden
1,PC6(/RESET/PCINT14),bidir,left,1,,
2,PD0(RXD/PCINT16),bidir,right,1,,
3,PD1(TXD/PCINT17),bidir,right,1,,
4,PD2(INT0/PCINT18),bidir,right,1,,
5,PD3(INT1/OC2B/PCINT19),bidir,right,1,,
6,PD4(T0/XCK/PCINT20),bidir,right,1,,
7,VCC@1,pwr,left,1,,
8,GND@1,pwr,left,1,,
9,PB6(XTAL1/TOSC1/PCINT6),bidir,left,1,,
10,PB7(XTAL2/TOSC2/PCINT7),bidir,left,1,,
11,PD5(T1/OC0B/PCINT21),bidir,right,1,,
12,PD6(AIN0/OC0A/PCINT22),bidir,right,1,,
13,PD7(AIN1/PCINT23),bidir,right,1,,
14,PB0(ICP1/CLKO/PCINT0),bidir,right,1,,
15,PB1(OC1A/PCINT1),bidir,right,1,,
16,PB2(SS/OC1B/PCINT2),bidir,right,1,,
17,PB3(MOSI/OC2A/PCINT3),bidir,right,1,,
18,PB4(MISO/PCINT4),bidir,right,1,,
19,PB5(SCK/PCINT5),bidir,right,1,,
20,AVCC,passive,left,1,,
21,AREF,passive,left,1,,
22,AGND,pwr,left,1,,
23,PC0(ADC0/PCINT8),bidir,right,1,,
24,PC1(ADC1/PCINT9),bidir,right,1,,
25,PC2(ADC2/PCINT10),bidir,right,1,,
26,PC3(ADC3/PCINT11),bidir,right,1,,
27,PC4(ADC4/SDA/PCINT12),bidir,right,1,,
28,PC5(ADC5/SCLPCINT13),bidir,right,1,,
,,,,,,
MINI-USB-SCHIELD-32005-201,X,,,,,
Pin,Name,Type,Side,Unit,Style,Hidden
1,1,passive,left,1,,
2,2,passive,left,1,,
3,3,passive,left,1,,
4,4,passive,left,1,,
5,5,passive,left,1,,
M1,S1,passive,bottom,2,,
M2,S2,passive,bottom,2,,
M3,S3,passive,bottom,2,,
M4,S4,passive,bottom,2,,
,,,,,,
MINI-USB_4P-85-32004-10X,X,,,,,
Pin,Name,Type,Side,Unit,Style,Hidden
1,1,passive,left,1,,
2,2,passive,left,1,,
3,3,passive,left,1,,
4,4,passive,left,1,,
,,,,,,
MINI-USB_SHIELD4P-85-32006-001-1,X,,,,,
Pin,Name,Type,Side,Unit,Style,Hidden
1,1,passive,left,1,,
2,2,passive,left,1,,
3,3,passive,left,1,,
4,4,passive,left,1,,
M1,S1,passive,bottom,2,,
M2,S2,passive,bottom,2,,
,,,,,,
MINI-USB_SHIELD5P2-32005-601,X,,,,,
Pin,Name,Type,Side,Unit,Style,Hidden
1,1,passive,left,1,,
2,2,passive,left,1,,
3,3,passive,left,1,,
4,4,passive,left,1,,
5,5,passive,left,1,,
M1,S1,passive,bottom,2,,
M2,S2,passive,bottom,2,,
,,,,,,
MPU60X0,U,,,,,
Pin,Name,Type,Side,Unit,Style,Hidden
1,CLKIN,in,left,1,,
6,AUX_DA,in,left,1,,
7,AUX_CL,in,bottom,1,,
8,VLOGIC/CS,in,bottom,1,,
9,AD0/SDO,in,bottom,1,,
10,REGOUT,in,bottom,1,,
11,FSYNC,in,bottom,1,,
12,INT,in,bottom,1,,
13,VDD,pwr,right,1,,
18,GND,pwr,right,1,,
19,RESV,in,top,1,,
20,CPOUT,in,top,1,,
21,RESV,in,top,1,,
22,RESV,in,top,1,,
23,SCL/SCLK,in,top,1,,
24,SDA/SDI,in,top,1,,
,,,,,,
MPU9150,U,,,,,
Pin,Name,Type,Side,Unit,Style,Hidden
1,CLKIN,bidir,left,0,,
3,VDD,bidir,right,0,,
6,ED_DA,bidir,left,0,,
7,ES_CL,bidir,left,0,,
8,VLOGIC,bidir,right,0,,
10,REGOUT,bidir,left,0,,
11,FSYNC,bidir,left,0,,
12,INT,bidir,left,0,,
13,VDD,bidir,right,0,,
15,GND,bidir,right,0,,
17,GND,bidir,right,0,,
18,GND,bidir,right,0,,
20,CPOUT,bidir,left,0,,
22,CLKOUT,bidir,left,0,,
23,SCL,bidir,left,0,,
24,SDA,bidir,left,0,,
9,AD0,bidir,left,1,,
,,,,,,
NCP3170,U,,,,,
Pin,Name,Type,Side,Unit,Style,Hidden
1,PGND,pwr,bottom,1,,
2,VIN,pwr,top,1,,
3,AGND,bidir,bottom,1,,
4,FB,in,right,1,,
5,COMP,in,left,1,,
6,EN,in,left,1,,
7,PG,out,left,1,,
8,VSW,pwr_out,right,1,,
,,,,,,
NMOS_DUAL,Q,,,,,
Pin,Name,Type,Side,Unit,Style,Hidden
1,S1,passive,left,1,,
2,G1,in,left,1,,
3,S2,passive,left,1,,
4,G2,in,left,1,,
5,D2,passive,right,1,,
6,D2,passive,right,1,,
7,D1,passive,right,1,,
8,D1,passive,right,1,,
,,,,,,
NRF24L01,U,,,,,
Pin,Name,Type,Side,Unit,Style,Hidden
1,CE,bidir,left,1,,
2,CSN,bidir,left,1,,
3,SCK,bidir,left,1,,
4,MOSI,bidir,left,1,,
5,MISO,bidir,left,1,,
6,IRQ,bidir,bottom,1,,
7,VDD,bidir,bottom,1,,
8,VSS,pwr,bottom,1,,
9,XC2,bidir,bottom,1,,
10,XC1,bidir,bottom,1,,
11,VDD_PA,bidir,right,1,,
12,ANT1,bidir,right,1,,
13,ANT2,bidir,right,1,,
14,VSS,bidir,right,1,,
15,VDD,pwr,right,1,,
16,IREF,bidir,top,1,,
17,VSS,pwr,top,1,,
18,VDD,pwr,top,1,,
19,DVDD,bidir,top,1,,
20,VSS,pwr,top,1,,
~,GND_PAD,pwr,top,1,,
~,~,pwr,top,1,,
,,,,,,
PFO16807,C,,,,,
Pin,Name,Type,Side,Unit,Style,Hidden
1,VCC,in,left,1,,
2,VCOMH,in,left,1,,
3,VLSS,in,left,1,,
4,VSS,in,left,1,,
5,VBREF,in,left,1,,
6,VSL,in,left,1,,
7,VCI,in,left,1,,
8,VPP,in,left,1,,
9,VDD,in,left,1,,
10,VDDIO,in,left,1,,
11,REGVDD,in,left,1,,
12,BS0,in,left,1,,
13,BS1,in,left,1,,
14,BS2,in,left,1,,
15,BS3,in,left,1,,
16,NC,NC,left,1,,
17,CS,in,left,1,,
18,RES,in,left,1,,
19,D/C,in,left,1,,
20,WR,in,left,1,,
21,RD,in,left,1,,
22,D0,in,left,1,,
23,D1,in,left,1,,
24,D2,in,left,1,,
25,D3,in,left,1,,
26,D4,in,left,1,,
27,D5,in,left,1,,
28,D6,in,left,1,,
29,D7,in,left,1,,
30,D8,in,left,1,,
31,D9,in,left,1,,
32,D10,in,left,1,,
33,D11,in,left,1,,
34,D12,in,left,1,,
35,D13,in,left,1,,
36,D14,in,left,1,,
37,D15,in,left,1,,
38,D16,in,left,1,,
39,D17,in,left,1,,
40,IREF,in,left,1,,
41,VSS,in,left,1,,
42,VLSS,in,left,1,,
43,VCOMH,in,left,1,,
44,VCC,in,left,1,,
45,NC,NC,left,1,,
,,,,,,
PIC24FJXXGA002,U,,,,,
Pin,Name,Type,Side,Unit,Style,Hidden
1,MCLR,in,left,1,,
2,AN0/VREF+/CN2/RA0,bidir,right,1,,
3,AN1/VREF-/CN3/RA1,bidir,right,1,,
4,PGD1/EMUD1/AN2/C2IN-/RP0/CN4/RB0,bidir,right,1,,
5,PGC1/EMUC1/AN3/C2IN+/RP1/CN5/RB1,bidir,right,1,,
6,AN4/C1IN-/RP2/SDA2/CN6/RB2,bidir,right,1,,
7,AN5/C1IN+/RP3/SCL2/CN7/RB3,bidir,right,1,,
8,VSS,pwr,left,1,,
9,OSCI/CLKI/CN30/RA2,bidir,right,1,,
10,OSCO/CLKO/CN29/PMA0/RA3,bidir,right,1,,
11,SOSCI/RP4/PMBE/CN1/RB4,bidir,right,1,,
12,SOSCO/T1CK/CN0/PMA1/RA4,bidir,right,1,,
13,VDD,pwr,left,1,,
14,PGD3/EMUD3/RP5/ASDA1/CN27/PMD7/RB5,bidir,right,1,,
15,PGC3/EMUC3/RP6/ASCL1/CN24/PMD6/RB6,in,right,1,,
16,RP7/INT0/CN23/PMD5/RB7,bidir,right,1,,
17,TCK/RP8/SCL1/CN22/PMD4/RB8,in,right,1,,
18,TDO/RP9/SDA1/CN21/PMD3/RB9,in,right,1,,
19,DISVREG,in,left,1,,
20,VCAP/VDDCORE,bidir,left,1,,
21,PGD2/EMUD2/TDI/RP10/CN16/PMD2/RB10,bidir,right,1,,
22,PGC2/EMUC2/TMS/RP11/CN15/PMD1/RB11,bidir,right,1,,
23,AN12/RP12/CN14/PMD0/RB12,bidir,right,1,,
24,AN11/RP13/CN13/PMRD/RB13,bidir,right,1,,
25,AN10/CVREF/RTCC/RP14/CN12/PMWR/RB14,bidir,right,1,,
26,AN9/RP15/CN11/PMCS1/RB15,bidir,right,1,,
27,VSS,pwr,left,1,,
28,VDD,pwr,left,1,,
,,,,,,
PIC24FJXXGA004,U,,,,,
Pin,Name,Type,Side,Unit,Style,Hidden
1,RP9/SDA1/CN21/PMD3/RB9,bidir,right,1,,
2,RP22/CN18/PMA1/RC6,bidir,right,1,,
3,RP23/CN17/PMA0/RC7,bidir,right,1,,
4,RP24/CN20/PMA5/RC8,bidir,right,1,,
5,RP25/CN19/PMA6/RC9,bidir,right,1,,
6,DISVREG,in,left,1,,
7,Vcap/VDDCore,out,left,1,,
8,PGD2/EMUD2/RP10/CN16/PMD2/RB10,bidir,right,1,,
9,PGC2/EMUC2/RP11/CN15/PMD1/RB11,bidir,right,1,,
10,AN12/RP12/CN14/PMD0/RB12,bidir,right,1,,
11,AN11/RP13/CN13/PMRD/RB13,bidir,right,1,,
12,TMS/PMA10/RA10,bidir,right,1,,
13,TCK/PMA7/RA7,bidir,right,1,,
14,AN10/CVref/RTCC/RP14/CN12/PMWR/RB14,bidir,right,1,,
15,AN9/RP15/CN11/PMCS1/RB15,bidir,right,1,,
16,AVSS,pwr,left,1,,
17,AVDD,pwr,left,1,,
18,MCLR,in,left,1,inv,
19,AN0/Vref+/CN2/RA0,bidir,right,1,,
20,AN1/Vref-/CN3/RA1,bidir,right,1,,
21,PGD1/EMUD1/AN2/C2IN-/RP0/CN4/RB0,bidir,right,1,,
22,PGC1/EMUC1/AN3/C2IN+/RP1/CN5/RB1,bidir,right,1,,
23,AN4/C1IN-/RP2/SDA2/CN6/RB2,bidir,right,1,,
24,AN5/C1IN+/RP3/SCL2/CN7/RB3,bidir,right,1,,
25,AN6/RP16/CN8/RC0,bidir,right,1,,
26,AN7/RP17/CN9/RC1,bidir,right,1,,
27,AN8/RP18/CN10/PMA2/RC2,bidir,right,1,,
28,VDD,pwr,left,1,,
29,VSS,pwr,left,1,,
30,OSCI/CLKI/CN30/RA2,bidir,right,1,,
31,OSCO/CLKO/CN29/RA3,bidir,right,1,,
32,TDO/PMA8/RA8,bidir,right,1,,
33,SOSCI/RP4/CN1/RB4,bidir,right,1,,
34,SOSCO/T1CK/CN0/RA4,bidir,right,1,,
35,TDI/PMA9/RA9,bidir,right,1,,
36,RP19/CN28/PMBE/RC3,bidir,right,1,,
37,RP20/CN25/PMA4/RC4,bidir,right,1,,
38,RP21/CN26/PMA3/RC5,bidir,right,1,,
39,VSS,pwr,left,1,,
40,VDD,pwr,left,1,,
41,PGD3/EMUD3/RP5/ASDA1/CN27/PMD7/RB5,bidir,right,1,,
42,PGC3/EMUC3/RP6/ASCL1/CN24/PMD6/RB6,bidir,right,1,,
43,RP7/INT0/CN23/PMD5/RB7,bidir,right,1,,
44,RP8/SCL1/CN22/PMD4/RB8,bidir,right,1,,
,,,,,,
PIC24FVXXKA304,U,,,,,
Pin,Name,Type,Side,Unit,Style,Hidden
1,SDA1/T1CK/U1RTS/CTED4/CN21/RB9,bidir,right,1,,
2,U1RX/CN18/RC6,bidir,right,1,,
3,U1TX/CN17/RC7,bidir,right,1,,
4,OC2/CN20/RC8,bidir,right,1,,
5,IC2/CTED7/CN19/RC9,bidir,right,1,,
6,IC1/CTED3/CN9/RA7,bidir,right,1,,
7,Vcap/VDDCore,out,left,1,,
8,PGED2/SDI1/CTED11/CN16/RB10,bidir,right,1,,
9,PGEC2/SCK1/CTED9/CN15/RB11,bidir,right,1,,
10,AN12/LVDIN/CTED2/INT2/CN14/RB12,bidir,right,1,,
11,AN11/SDO1/CTPLS/CN13/RB13,bidir,right,1,,
12,OC3/CN35/RA10,bidir,right,1,,
13,IC3/CTED8/CN36/RA11,bidir,right,1,,
14,CVREF/AN10/C3INB/RTCC/C1OUT/OCFA/CTED5/INT1/CN12/RB14,bidir,right,1,,
15,AN9/C3INA/T3CK/T2CK/REFO/SS1/CTED6/CN11/RB15,bidir,right,1,,
16,VSS/AVSS,pwr,left,1,,
17,VDD/AVDD,pwr,left,1,,
18,MCLR/VPP/RA5,in,left,1,inv,
19,VREF+/CVREF+/AN0/C3INC/CTED1/CN2/RA0,bidir,right,1,,
20,CVREF-/VREF-/AN1/CN3/RA1,bidir,right,1,,
21,PGED1/AN2/ULPWU/CTCMP/C1IND/C2INB/C3IND/U2TX/CN4/RB0,bidir,right,1,,
22,PGEC1/AN3/C1INC/C2INA/U2RX/CTED12/CN5/RB1,bidir,right,1,,
23,AN4/C1INB/C2IND/SDA2/T5CK/T4CK/CTED13/CN6/RB2,bidir,right,1,,
24,AN5/C1INA/C2INC/SCL2/CN7/RB3,bidir,right,1,,
25,AN6/CN32/RC0,bidir,right,1,,
26,AN7/CN31/RC1,bidir,right,1,,
27,AN8/CN10/RC2,bidir,right,1,,
28,VDD,pwr,left,1,,
29,VSS,pwr,left,1,,
30,OSCI/AN13/CLKI/CN30/RA2,bidir,right,1,,
31,OSCO/AN14/CLKO/CN29/RA3,bidir,right,1,,
32,OCFB/CN33/RA8,bidir,right,1,,
33,SOSCI/AN15/U2RTS/CN1/RB4,bidir,right,1,,
34,SOSCO/SCLKI/U2CTS/CN0/RA4,bidir,right,1,,
35,SS2/CN34/RA9,bidir,right,1,,
36,SDI2/CN28/RC3,bidir,right,1,,
37,SDO2/CN25/RC4,bidir,right,1,,
38,SCK2/CN26/RC5,bidir,right,1,,
39,VSS,pwr,left,1,,
40,VDD,pwr,left,1,,
41,PGED3/ASDA1(2)/CN27/RB5,bidir,right,1,,
42,PGEC3/ASCL1(2)/CN24/RB6,bidir,right,1,,
43,INT0/CN23/RB7,bidir,right,1,,
44,SCL1/U1CTS/C3OUT/CTED10/CN22/RB8,bidir,right,1,,
,,,,,,
PINHD-1X10,JP,,,,,
Pin,Name,Type,Side,Unit,Style,Hidden
1,1,passive,left,1,inv,
2,2,passive,left,1,inv,
3,3,passive,left,1,inv,
4,4,passive,left,1,inv,
5,5,passive,left,1,inv,
6,6,passive,left,1,inv,
7,7,passive,left,1,inv,
8,8,passive,left,1,inv,
9,9,passive,left,1,inv,
10,10,passive,left,1,inv,
,,,,,,
PINHD-1X2,JP,,,,,
Pin,Name,Type,Side,Unit,Style,Hidden
1,1,passive,left,1,inv,
2,2,passive,left,1,inv,
,,,,,,
PROPELLER_X44,U,,,,,
Pin,Name,Type,Side,Unit,Style,Hidden
1,P4,bidir,right,1,,
2,P5,bidir,right,1,,
3,P6,bidir,right,1,,
4,P7,bidir,right,1,,
5,Vss,pwr,left,1,,
6,BOEn,bidir,left,1,,
7,RESn,in,left,1,,
8,Vdd,pwr,left,1,,
9,P8,bidir,right,1,,
10,P9,bidir,right,1,,
11,P10,bidir,right,1,,
12,P11,bidir,right,1,,
13,P12,bidir,right,1,,
14,P13,bidir,right,1,,
15,P14,bidir,right,1,,
16,P15,bidir,right,1,,
17,Vss,bidir,left,1,,
18,Vdd,bidir,left,1,,
19,P16,bidir,right,1,,
20,P17,bidir,right,1,,
21,P18,bidir,right,1,,
22,P19,bidir,right,1,,
23,P20,bidir,right,1,,
24,P21,bidir,right,1,,
25,P22,bidir,right,1,,
26,P23,bidir,right,1,,
27,Vss,pwr,left,1,,
28,XI,in,left,1,,
29,XO,out,left,1,,
30,Vdd,pwr,left,1,,
31,P24,bidir,right,1,,
32,P25,bidir,right,1,,
33,P26,bidir,right,1,,
34,P27,bidir,right,1,,
35,P28(SCL),bidir,right,1,,
36,P29(SDA),bidir,right,1,,
37,P30(TXD),bidir,right,1,,
38,P31(RXD),bidir,right,1,,
39,Vss,pwr,left,1,,
40,Vdd,pwr,left,1,,
41,P0,bidir,right,1,,
42,P1,bidir,right,1,,
43,P2,bidir,right,1,,
44,P3,bidir,right,1,,
,,,,,,
RF2400-NANO,U,,,,,
Pin,Name,Type,Side,Unit,Style,Hidden
1,GND,pwr,left,1,,
2,VCC,pwr,left,1,,
3,CE,in,left,1,,
4,CSN,in,left,1,,
5,SCK,in,left,1,,
6,MOSI,in,left,1,,
7,MISO,out,left,1,,
8,IRQ,out,left,1,,
9,GND,in,top,1,,
10,RF_IO,bidir,top,1,,
11,GND,in,top,1,,
,,,,,,
RF2400-P/W,U,,,,,
Pin,Name,Type,Side,Unit,Style,Hidden
1,GND,pwr,right,1,,
2,VCC,pwr,right,1,,
3,CE,in,left,1,,
4,CSN,in,left,1,,
5,SCK,in,left,1,,
6,MOSI,in,left,1,,
7,MISO,out,left,1,,
8,IRQ,out,left,1,,
,,,,,,
RF2400-V03,U,,,,,
Pin,Name,Type,Side,Unit,Style,Hidden
1,CE,out,left,1,,
2,CSN,out,left,1,,
3,SCK,in,left,1,,
4,MOSI,in,left,1,,
5,MISO,in,left,1,,
6,IRQ,in,left,1,,
7,GND,pwr,right,1,,
8,VCC,pwr,right,1,,
9,GND,pwr,right,1,,
10,GND,pwr,right,1,,
,,,,,,
RN-41,U,,,,,
Pin,Name,Type,Side,Unit,Style,Hidden
1,GND,pwr,left,1,,
2,SPI_MOSI,bidir,left,1,,
3,PIO6,bidir,right,1,,
4,PIO7,bidir,right,1,,
5,RESET,in,left,1,,
6,SPI_CLK,bidir,left,1,,
7,PCM_CLK,bidir,left,1,,
8,PCM_SYNC,bidir,left,1,,
9,PCM_IN,bidir,left,1,,
10,PCM_OUT,bidir,left,1,,
11,VDD,pwr,left,1,,
12,GND,pwr,left,1,,
13,UART_RX,in,right,1,,
14,UART_TX,out,right,1,,
15,UART_RTS,out,right,1,,
16,UART_CTS,in,right,1,,
17,USB_D+,bidir,right,1,,
18,USB_D-,bidir,right,1,,
19,PIO2,out,right,1,,
20,PIO3,in,right,1,,
21,PIO5,out,right,1,,
22,PIO4,in,right,1,,
23,SPI_CSB,bidir,left,1,,
24,SPI_MISO,bidir,left,1,,
25,GND,pwr,left,1,,
26,NC,NC,left,1,,
27,GND,pwr,left,1,,
28,GND,pwr,left,1,,
29,GND,pwr,left,1,,
30,AIO0,in,right,1,,
31,PIO8,out,right,1,,
32,PIO9,in,right,1,,
33,PIO10,in,right,1,,
34,PIO11,in,right,1,,
35,AIO1,in,right,1,,
,,,,,,
RTC_M41T81SM6E_SO8,U,,,,,
Pin,Name,Type,Side,Unit,Style,Hidden
1,X1,in,left,1,,
2,X0,in,left,1,,
3,VBAT,in,top,1,,
4,VSS,in,bottom,1,,
5,SDA,in,left,1,,
6,SCL,in,left,1,,
7,IRQ/OUT/FT/SQW,in,right,1,inv,
8,VCC,in,top,1,,
,,,,,,
SDCARD_SCDA4A0301,??,,,,,
Pin,Name,Type,Side,Unit,Style,Hidden
1,CD/DAT3,bidir,bottom,1,,
2,CMD/DI,bidir,bottom,1,,
3,VSS2,pwr,left,1,,
4,VDD,pwr,left,1,,
5,CLK/SCLK,bidir,bottom,1,,
6,VSS1,pwr,left,1,,
7,DAT0,bidir,bottom,1,,
8,DAT1,bidir,bottom,1,,
9,DAT2,bidir,bottom,1,,
10,WP,out,left,1,,
11,CDI#,out,left,1,,
13,GND1,pwr,top,1,,
14,GND2,pwr,top,1,,
15,GND3,pwr,top,1,,
33,VSS3,bidir,left,1,,
44,VDD2,bidir,left,1,,
,,,,,,
SHUNT,R,,,,,
Pin,Name,Type,Side,Unit,Style,Hidden
1,~,passive,top,1,,
2,~,passive,bottom,1,,
3,~,passive,left,1,,
4,~,passive,left,1,,
,,,,,,
SMA,J,,,,,
Pin,Name,Type,Side,Unit,Style,Hidden
1,RF,bidir,left,1,,
2,GND1,pwr,bottom,1,,
3,GND2,pwr,bottom,1,,
4,GND3,pwr,bottom,1,,
5,GND4,pwr,bottom,1,,
,,,,,,
STM32F40X_LQFP100,U,,,,,
Pin,Name,Type,Side,Unit,Style,Hidden
1,PE2,bidir,right,1,,
2,PE3,bidir,right,1,,
3,PE4,bidir,right,1,,
4,PE5,bidir,right,1,,
5,PE6,bidir,right,1,,
6,VBAT,pwr,right,1,,
7,PC13_(RTC_AF1),bidir,left,1,,
8,PC14-OSC32_IN,bidir,right,1,,
9,PC15-OSC32_OUT,pwr,right,1,,
10,VSS,pwr,right,1,,
11,VDD,pwr,right,1,,
12,PH0-OSC_IN,bidir,right,1,,
13,PH1-OSC_OUT,bidir,right,1,,
14,NRST,bidir,right,1,,
15,PC0(ADC123_IN10),bidir,left,1,,
16,PC1(ADC123_IN11),bidir,left,1,,
17,PC2(ADC123_IN12),bidir,left,1,,
18,PC3(ADC123_IN13),bidir,left,1,,
19,VDD,pwr,right,1,,
20,VSSA,pwr,right,1,,
21,VREF+,in,right,1,,
22,VDDA,pwr,right,1,,
23,PA0(ADC123_IN0/WKUP),bidir,left,1,,
24,PA1(ADC123_IN1),bidir,left,1,,
25,PA2(ADC123_IN2),bidir,left,1,,
26,PA3(ADC123_IN3),bidir,left,1,,
27,VSS,pwr,right,1,,
28,VDD,pwr,right,1,,
29,PA4(ADC12_IN4/DAC1_OUT),bidir,left,1,,
30,PA5(ADC12_IN5/DAC2_OUT),bidir,left,1,,
31,PA6(ADC12_IN6),bidir,left,1,,
32,PA7(ADC12_IN7),bidir,left,1,,
33,PC4(ADC12_IN14),bidir,left,1,,
34,PC5(ADC12_IN15),bidir,left,1,,
35,PB0(ADC12_IN8),bidir,left,1,,
36,PB1(ADC12_IN9),bidir,left,1,,
37,PB2-BOOT1,bidir,right,1,,
38,PE7,bidir,right,1,,
39,PE8,bidir,right,1,,
40,PE9,bidir,right,1,,
41,PE10,bidir,right,1,,
42,PE11,bidir,right,1,,
43,PE12,bidir,right,1,,
44,PE13,bidir,right,1,,
45,PE14,bidir,right,1,,
46,PE15,bidir,right,1,,
47,PB10,bidir,left,1,,
48,PB11,bidir,left,1,,
49,VCAP1,pwr_out,right,1,,
50,VDD,pwr,right,1,,
51,PB12,bidir,left,1,,
52,PB13(OTG_HS_VBUS),bidir,left,1,,
53,PB14,bidir,left,1,,
54,PB15,bidir,left,1,,
55,PD8,bidir,left,1,,
56,PD9,bidir,left,1,,
57,PD10,bidir,left,1,,
58,PD11,bidir,left,1,,
59,PD12,bidir,left,1,,
60,PD13,bidir,left,1,,
61,PD14,bidir,left,1,,
62,PD15,bidir,left,1,,
63,PC6,bidir,left,1,,
64,PC7,bidir,left,1,,
65,PC8,bidir,left,1,,
66,PC9,bidir,left,1,,
67,PA8,bidir,left,1,,
68,PA9(OTG_FS_VBUS),bidir,left,1,,
69,PA10,bidir,left,1,,
70,PA11,bidir,left,1,,
71,PA12,bidir,left,1,,
72,PA13(JTMS-SWDIO),bidir,right,1,,
73,VCAP2,pwr_out,right,1,,
74,VSS,pwr,right,1,,
75,VDD,pwr,right,1,,
76,PA14(JTCK-SWCLK),bidir,right,1,,
77,PA15(JTDI),bidir,right,1,,
78,PC10,bidir,left,1,,
79,PC11,bidir,left,1,,
80,PC12,bidir,left,1,,
81,PD0,bidir,left,1,,
82,PD1,bidir,left,1,,
83,PD2,bidir,left,1,,
84,PD3,bidir,left,1,,
85,PD4,bidir,left,1,,
86,PD5,bidir,left,1,,
87,PD6,bidir,left,1,,
88,PD7,bidir,left,1,,
89,PB3(JTDO/TRACESWO),bidir,right,1,,
90,PB4(NJTRST),bidir,right,1,,
91,PB5,bidir,left,1,,
92,PB6,bidir,left,1,,
93,PB7,bidir,left,1,,
94,BOOT0(VPP),in,right,1,,
95,PB8,bidir,left,1,,
96,PB9,bidir,left,1,,
97,PE0,bidir,right,1,,
98,PE1,bidir,right,1,,
99,VSS,pwr,right,1,,
100,VDD,pwr,right,1,,
,,,,,,
STM32F40X_LQFP64,U,,,,,
Pin,Name,Type,Side,Unit,Style,Hidden
1,VBAT,pwr,right,1,,
2,PC13_(RTC_AF1),bidir,left,1,,
3,PC14-OSC32_IN,bidir,right,1,,
4,PC15-OSC32_OUT,pwr,right,1,,
5,PH0-OSC_IN,bidir,right,1,,
6,PH1-OSC_OUT,bidir,right,1,,
7,NRST,bidir,right,1,,
8,PC0(ADC123_IN10),bidir,left,1,,
9,PC1(ADC123_IN11),bidir,left,1,,
10,PC2(ADC123_IN12),bidir,left,1,,
11,PC3(ADC123_IN13),bidir,left,1,,
12,VSSA,pwr,right,1,,
13,VDDA,pwr,right,1,,
14,PA0(ADC123_IN0/WKUP),bidir,left,1,,
15,PA1(ADC123_IN1),bidir,left,1,,
16,PA2(ADC123_IN2),bidir,left,1,,
17,PA3(ADC123_IN3),bidir,left,1,,
18,VSS,pwr,right,1,,
19,VDD,pwr,right,1,,
20,PA4(ADC12_IN4/DAC1_OUT),bidir,left,1,,
21,PA5(ADC12_IN5/DAC2_OUT),bidir,left,1,,
22,PA6(ADC12_IN6),bidir,left,1,,
23,PA7(ADC12_IN7),bidir,left,1,,
24,PC4(ADC12_IN14),bidir,left,1,,
25,PC5(ADC12_IN15),bidir,left,1,,
26,PB0(ADC12_IN8),bidir,left,1,,
27,PB1(ADC12_IN9),bidir,left,1,,
28,PB2-BOOT1,bidir,right,1,,
29,PB10,bidir,left,1,,
30,PB11,bidir,left,1,,
31,VCAP1,pwr_out,right,1,,
32,VDD,pwr,right,1,,
33,PB12,bidir,left,1,,
34,PB13(OTG_HS_VBUS),bidir,left,1,,
35,PB14,bidir,left,1,,
36,PB15,bidir,left,1,,
37,PC6,bidir,left,1,,
38,PC7,bidir,left,1,,
39,PC8,bidir,left,1,,
40,PC9,bidir,left,1,,
41,PA8,bidir,left,1,,
42,PA9(OTG_FS_VBUS),bidir,left,1,,
43,PA10,bidir,left,1,,
44,PA11,bidir,left,1,,
45,PA12,bidir,left,1,,
46,PA13(JTMS-SWDIO),bidir,right,1,,
47,VCAP2,pwr_out,right,1,,
48,VDD,pwr,right,1,,
49,PA14(JTCK-SWCLK),bidir,right,1,,
50,PA15(JTDI),bidir,right,1,,
51,PC10,bidir,left,1,,
52,PC11,bidir,left,1,,
53,PC12,bidir,left,1,,
54,PD2,bidir,left,1,,
55,PB3(JTDO/TRACESWO),bidir,right,1,,
56,PB4(NJTRST),bidir,right,1,,
57,PB5,bidir,left,1,,
58,PB6,bidir,left,1,,
59,PB7,bidir,left,1,,
60,BOOT0(VPP),in,right,1,,
61,PB8,bidir,left,1,,
62,PB9,bidir,left,1,,
63,VSS,pwr,right,1,,
64,VDD,pwr,right,1,,
,,,,,,
Si114X,U,,,,,
Pin,Name,Type,Side,Unit,Style,Hidden
1,SDA,bidir,left,1,,
2,SCL,bidir,left,1,,
3,VDD,pwr,left,1,,
4,INT,out,left,1,,
5,NC,NC,right,1,,
6,LED2,bidir,right,1,,
7,LED3,bidir,right,1,,
8,GND,pwr,left,1,,
9,LED1,out,right,1,,
10,DNC,NC,right,1,,
,,,,,,
TDC_GP21/TDC_GP2,U,,,,,
Pin,Name,Type,Side,Unit,Style,Hidden
1,XIN,in,left,1,,
2,XOUT,in,left,1,,
3,VIO,in,left,1,,
4,GND,in,left,1,,
5,FIRE_UP,in,right,1,,
6,FIRE_DOWN,in,right,1,,
7,FIRE_IN,in,right,1,,
8,INT,in,left,1,,
9,SSN,in,left,1,,
10,SCK,in,left,1,,
11,MOSI,in,left,1,,
12,MISO,in,left,1,,
13,RSTN,in,left,1,,
14,VCC,in,left,1,,
15,CLK32OUT,in,left,1,,
16,CLK32IN,in,left,1,,
17,SENSET,in,right,1,,
18,LOADT,in,right,1,,
19,PT4,in,right,1,,
20,PT3,in,right,1,,
21,GND,in,left,1,,
22,VIO,in,left,1,,
23,PT2,in,right,1,,
24,PT1,in,right,1,,
25,EN_STOP2,in,right,1,,
26,EN_STOP1,in,right,1,,
27,STOP2,in,right,1,,
28,GND,in,left,1,,
29,VCC,in,left,1,,
30,STOP1,in,right,1,,
31,START,in,right,1,,
32,EN_START,in,right,1,,
33,PAD_NC,in,right,1,,
,,,,,,
TFCard_A,U,,,,,
Pin,Name,Type,Side,Unit,Style,Hidden
1,DAT2(RSV),bidir,left,1,,
2,CD/DAT3(CS),bidir,left,1,,
3,CMD(DI),in,left,1,,
4,VDD,in,right,1,,
5,CLK(SCLK),in,left,1,,
6,VSS,in,right,1,,
7,DAT0(D0),bidir,left,1,,
8,DAT1(RSV),bidir,left,1,,
,,,,,,
TJA1042TK/3,U,,,,,
Pin,Name,Type,Side,Unit,Style,Hidden
1,TXD,in,left,1,,
2,GND,pwr,left,1,,
3,VCC,pwr,left,1,,
4,RXD,out,left,1,,
5,VIO,in,right,1,,
6,CANL,bidir,right,1,,
7,CANH,bidir,right,1,,
8,STB,in,right,1,,
,,,,,,
TJA1051TK3,U,,,,,
Pin,Name,Type,Side,Unit,Style,Hidden
1,TXD,in,left,1,,
2,GND,pwr,left,1,,
3,VCC,pwr,left,1,,
4,RXD,out,left,1,,
5,VIO,in,right,1,,
6,CANL,bidir,right,1,,
7,CANH,bidir,right,1,,
8,S,in,right,1,,
9,PAD,in,bottom,1,,
,,,,,,
TM240320C1NFWGWC,U,,,,,
Pin,Name,Type,Side,Unit,Style,Hidden
1,NC,NC,left,1,,
2,IMO,in,left,1,,
3,NC,NC,left,1,,
4,NC,NC,left,1,,
5,NC,NC,left,1,,
6,RESET,in,left,1,,
7,NC,NC,left,1,,
8,NC,NC,left,1,,
9,NC,NC,left,1,,
10,NC,NC,left,1,,
11,DB15,bidir,left,1,,
12,DB14,bidir,left,1,,
13,DB13,bidir,left,1,,
14,DB12,bidir,left,1,,
15,DB11,bidir,left,1,,
16,DB10,bidir,left,1,,
17,DB9,bidir,left,1,,
18,DB8,bidir,left,1,,
19,NC,NC,left,1,,
20,DB7,bidir,left,1,,
21,DB6,bidir,left,1,,
22,DB5,bidir,left,1,,
23,DB4,bidir,left,1,,
24,DB3,bidir,left,1,,
25,DB2,bidir,left,1,,
26,DB1,bidir,left,1,,
27,DB0,bidir,left,1,,
28,NC,NC,left,1,,
29,RD,in,left,1,,
30,WR,in,left,1,,
31,RS,in,left,1,,
32,CS,in,left,1,,
33,VSS,pwr,left,1,,
34,VDD,pwr,left,1,,
35,LED-,in,left,1,,
36,LED+,in,left,1,,
,,,,,,
ULN2002AD,IC,,,,,
Pin,Name,Type,Side,Unit,Style,Hidden
1,I1,in,left,1,,
2,I2,in,left,1,,
3,I3,in,left,1,,
4,I4,in,left,1,,
5,I5,in,left,1,,
6,I6,in,left,1,,
7,I7,in,left,1,,
8,GND,pwr,left,1,,
9,CD+,passive,right,1,,
10,O7,open_collector,right,1,,
11,O6,open_collector,right,1,,
12,O5,open_collector,right,1,,
13,O4,open_collector,right,1,,
14,O3,open_collector,right,1,,
15,O2,open_collector,right,1,,
16,O1,open_collector,right,1,,
,,,,,,
ULN2803A,IC,,,,,
Pin,Name,Type,Side,Unit,Style,Hidden
1,I1,in,left,1,,
2,I2,in,left,1,,
3,I3,in,left,1,,
4,I4,in,left,1,,
5,I5,in,left,1,,
6,I6,in,left,1,,
7,I7,in,left,1,,
8,I8,in,left,1,,
9,GND,pwr,left,1,,
10,CD+,pwr,right,1,,
11,O8,out,right,1,,
12,O7,out,right,1,,
13,O6,out,right,1,,
14,O5,out,right,1,,
15,O4,out,right,1,,
16,O3,out,right,1,,
17,O2,out,right,1,,
18,O1,out,right,1,,
,,,,,,
V-reg,IC,,,,,
Pin,Name,Type,Side,Unit,Style,Hidden
1,IN,in,left,1,,
2,GND,in,bottom,1,,
3,OUT,passive,right,1,,
,,,,,,
ams1117,U,,,,,
Pin,Name,Type,Side,Unit,Style,Hidden
1,GND,in,bottom,1,,
2,VO,pwr_out,right,1,,
3,VI,in,left,1,,
,,,,,,
uA78M00,U,,,,,
Pin,Name,Type,Side,Unit,Style,Hidden
1,VO,pwr_out,right,1,,
2,GND,in,bottom,1,,
3,VI,in,left,1,,
,,,,,,

